region,season,MMWR,influenza deaths,pneumonia deaths
1,2013-14,201403,4,246
1,2013-14,201404,10,219
1,2013-14,201405,12,198
1,2013-14,201406,12,197
1,2013-14,201407,16,211
1,2013-14,201408,20,187
1,2013-14,201409,13,197
1,2013-14,201410,12,226
1,2013-14,201411,7,238
1,2013-14,201412,7,207
1,2013-14,201413,8,213
1,2013-14,201414,11,246
1,2013-14,201415,23,208
1,2013-14,201416,15,229
1,2013-14,201417,15,236
1,2013-14,201418,13,231
1,2013-14,201419,6,184
1,2013-14,201420,3,186
1,2013-14,201421,2,175
1,2013-14,201422,0,182
1,2013-14,201423,2,154
1,2013-14,201424,1,166
1,2013-14,201425,0,168
1,2013-14,201426,0,167
1,2013-14,201427,1,155
1,2013-14,201428,1,149
1,2013-14,201429,0,139
1,2013-14,201430,0,162
1,2013-14,201431,0,152
1,2013-14,201432,0,180
1,2013-14,201433,0,146
1,2013-14,201434,1,126
1,2013-14,201435,0,168
1,2013-14,201436,0,135
1,2013-14,201437,0,154
1,2013-14,201438,0,132
1,2013-14,201439,0,155
1,2014-15,201440,0,148
1,2014-15,201441,0,153
1,2014-15,201442,0,155
1,2014-15,201443,0,169
1,2014-15,201444,0,180
1,2014-15,201445,0,145
1,2014-15,201446,0,187
1,2014-15,201447,1,161
1,2014-15,201448,0,181
1,2014-15,201449,1,185
1,2014-15,201450,3,185
1,2014-15,201451,1,205
1,2014-15,201452,3,172
1,2014-15,201453,21,208
1,2014-15,201501,32,260
1,2014-15,201502,57,271
1,2014-15,201503,47,284
1,2014-15,201504,50,281
1,2014-15,201505,66,317
1,2014-15,201506,61,315
1,2014-15,201507,41,247
1,2014-15,201508,38,255
1,2014-15,201509,30,272
1,2014-15,201510,21,240
1,2014-15,201511,15,196
1,2014-15,201512,15,230
1,2014-15,201513,16,220
1,2014-15,201514,12,230
1,2014-15,201515,15,242
1,2014-15,201516,15,238
1,2014-15,201517,14,209
1,2014-15,201518,4,202
1,2014-15,201519,1,186
1,2014-15,201520,1,171
1,2014-15,201521,1,177
1,2014-15,201522,1,155
1,2014-15,201523,0,146
1,2014-15,201524,0,165
1,2014-15,201525,0,196
1,2014-15,201526,1,179
1,2014-15,201527,1,172
1,2014-15,201528,0,161
1,2014-15,201529,0,163
1,2014-15,201530,0,133
1,2014-15,201531,0,146
1,2014-15,201532,0,153
1,2014-15,201533,1,143
1,2014-15,201534,0,152
1,2014-15,201535,0,145
1,2014-15,201536,0,147
1,2014-15,201537,0,135
1,2014-15,201538,0,166
1,2014-15,201539,0,153
1,2015-16,201540,0,178
1,2015-16,201541,0,160
1,2015-16,201542,1,141
1,2015-16,201543,0,171
1,2015-16,201544,2,166
1,2015-16,201545,1,162
1,2015-16,201546,0,198
1,2015-16,201547,1,176
1,2015-16,201548,3,154
1,2015-16,201549,0,151
1,2015-16,201550,0,161
1,2015-16,201551,0,157
1,2015-16,201552,2,170
1,2015-16,201601,0,201
1,2015-16,201602,1,201
1,2015-16,201603,1,193
1,2015-16,201604,2,197
1,2015-16,201605,3,214
1,2015-16,201606,4,218
1,2015-16,201607,7,191
1,2015-16,201608,6,176
1,2015-16,201609,9,204
1,2015-16,201610,17,205
1,2015-16,201611,13,211
1,2015-16,201612,25,218
1,2015-16,201613,21,217
1,2015-16,201614,24,225
1,2015-16,201615,14,199
1,2015-16,201616,10,196
1,2015-16,201617,16,181
1,2015-16,201618,6,200
1,2015-16,201619,5,184
1,2015-16,201620,3,172
1,2015-16,201621,2,170
1,2015-16,201622,0,131
1,2015-16,201623,0,129
1,2015-16,201624,0,163
1,2015-16,201625,0,140
1,2015-16,201626,0,126
1,2015-16,201627,1,156
1,2015-16,201628,1,156
1,2015-16,201629,0,133
1,2015-16,201630,0,130
1,2015-16,201631,0,172
1,2015-16,201632,0,154
1,2015-16,201633,0,145
1,2015-16,201634,0,142
1,2015-16,201635,0,151
1,2015-16,201636,0,138
1,2015-16,201637,0,146
1,2015-16,201638,0,134
1,2015-16,201639,1,160
1,2016-17,201640,0,149
1,2016-17,201641,0,153
1,2016-17,201642,0,151
1,2016-17,201643,1,173
1,2016-17,201644,1,164
1,2016-17,201645,1,160
1,2016-17,201646,0,164
1,2016-17,201647,1,171
1,2016-17,201648,1,182
1,2016-17,201649,1,159
1,2016-17,201650,2,190
1,2016-17,201651,3,190
1,2016-17,201652,7,193
1,2016-17,201701,12,213
1,2016-17,201702,11,236
1,2016-17,201703,17,224
1,2016-17,201704,23,214
1,2016-17,201705,18,225
1,2016-17,201706,23,260
1,2016-17,201707,51,249
1,2016-17,201708,51,231
1,2016-17,201709,55,225
1,2016-17,201710,35,229
1,2016-17,201711,28,215
1,2016-17,201712,18,228
1,2016-17,201713,30,236
1,2016-17,201714,21,187
1,2016-17,201715,23,198
1,2016-17,201716,19,187
1,2016-17,201717,6,191
1,2016-17,201718,8,190
1,2016-17,201719,4,165
1,2016-17,201720,5,173
1,2016-17,201721,1,162
1,2016-17,201722,0,138
1,2016-17,201723,1,165
1,2016-17,201724,0,192
1,2016-17,201725,1,140
1,2016-17,201726,1,158
1,2016-17,201727,0,161
1,2016-17,201728,0,149
1,2016-17,201729,1,143
1,2016-17,201730,0,143
1,2016-17,201731,0,167
1,2016-17,201732,0,132
1,2016-17,201733,0,135
1,2016-17,201734,0,164
1,2016-17,201735,0,117
1,2016-17,201736,0,138
1,2016-17,201737,0,163
1,2016-17,201738,0,144
1,2016-17,201739,0,123
1,2017-18,201740,0,141
1,2017-18,201741,0,145
1,2017-18,201742,1,145
1,2017-18,201743,0,188
1,2017-18,201744,0,146
1,2017-18,201745,1,164
1,2017-18,201746,2,172
1,2017-18,201747,1,145
1,2017-18,201748,4,174
1,2017-18,201749,1,165
1,2017-18,201750,5,185
1,2017-18,201751,7,223
1,2017-18,201752,18,192
1,2017-18,201801,28,269
1,2017-18,201802,42,285
1,2017-18,201803,49,257
1,2017-18,201804,65,223
1,2017-18,201805,79,245
1,2017-18,201806,63,234
1,2017-18,201807,71,222
1,2017-18,201808,61,232
1,2017-18,201809,56,204
1,2017-18,201810,52,205
1,2017-18,201811,40,194
1,2017-18,201812,25,185
1,2017-18,201813,20,186
1,2017-18,201814,26,169
1,2017-18,201815,20,180
1,2017-18,201816,19,186
1,2017-18,201817,8,209
1,2017-18,201818,10,159
1,2017-18,201819,7,154
1,2017-18,201820,4,154
1,2017-18,201821,3,157
1,2017-18,201822,2,146
1,2017-18,201823,0,146
1,2017-18,201824,0,147
1,2017-18,201825,0,127
1,2017-18,201826,1,141
1,2017-18,201827,0,147
1,2017-18,201828,0,155
1,2017-18,201829,0,128
1,2017-18,201830,0,104
1,2017-18,201831,0,158
1,2017-18,201832,1,114
1,2017-18,201833,0,146
1,2017-18,201834,0,133
1,2017-18,201835,1,138
1,2017-18,201836,0,118
1,2017-18,201837,1,140
1,2017-18,201838,0,159
1,2017-18,201839,0,132
1,2018-19,201840,0,147
1,2018-19,201841,0,129
1,2018-19,201842,1,177
1,2018-19,201843,3,144
1,2018-19,201844,0,133
1,2018-19,201845,1,122
1,2018-19,201846,0,124
1,2018-19,201847,1,126
1,2018-19,201848,3,130
1,2018-19,201849,6,128
1,2018-19,201850,2,130
1,2018-19,201851,3,130
1,2018-19,201852,3,144
1,2018-19,201901,9,147
1,2018-19,201902,7,151
1,2018-19,201903,10,165
2,2013-14,201403,20,420
2,2013-14,201404,17,383
2,2013-14,201405,24,381
2,2013-14,201406,14,379
2,2013-14,201407,13,412
2,2013-14,201408,15,388
2,2013-14,201409,11,338
2,2013-14,201410,11,359
2,2013-14,201411,14,347
2,2013-14,201412,9,370
2,2013-14,201413,11,400
2,2013-14,201414,11,375
2,2013-14,201415,15,395
2,2013-14,201416,10,382
2,2013-14,201417,12,388
2,2013-14,201418,10,371
2,2013-14,201419,10,359
2,2013-14,201420,10,305
2,2013-14,201421,2,283
2,2013-14,201422,5,268
2,2013-14,201423,3,287
2,2013-14,201424,0,302
2,2013-14,201425,0,280
2,2013-14,201426,0,300
2,2013-14,201427,0,249
2,2013-14,201428,0,274
2,2013-14,201429,0,245
2,2013-14,201430,0,255
2,2013-14,201431,0,276
2,2013-14,201432,0,266
2,2013-14,201433,0,272
2,2013-14,201434,1,297
2,2013-14,201435,0,252
2,2013-14,201436,0,282
2,2013-14,201437,0,250
2,2013-14,201438,0,298
2,2013-14,201439,0,309
2,2014-15,201440,0,297
2,2014-15,201441,0,286
2,2014-15,201442,2,295
2,2014-15,201443,0,271
2,2014-15,201444,0,293
2,2014-15,201445,0,287
2,2014-15,201446,1,283
2,2014-15,201447,0,294
2,2014-15,201448,0,279
2,2014-15,201449,4,319
2,2014-15,201450,3,317
2,2014-15,201451,9,324
2,2014-15,201452,21,367
2,2014-15,201453,45,406
2,2014-15,201501,59,482
2,2014-15,201502,69,495
2,2014-15,201503,67,484
2,2014-15,201504,57,451
2,2014-15,201505,48,442
2,2014-15,201506,51,403
2,2014-15,201507,26,447
2,2014-15,201508,23,458
2,2014-15,201509,22,412
2,2014-15,201510,13,390
2,2014-15,201511,12,393
2,2014-15,201512,15,318
2,2014-15,201513,10,347
2,2014-15,201514,8,358
2,2014-15,201515,8,337
2,2014-15,201516,5,343
2,2014-15,201517,2,313
2,2014-15,201518,4,316
2,2014-15,201519,4,316
2,2014-15,201520,3,305
2,2014-15,201521,0,305
2,2014-15,201522,2,312
2,2014-15,201523,3,276
2,2014-15,201524,0,298
2,2014-15,201525,2,322
2,2014-15,201526,0,282
2,2014-15,201527,2,275
2,2014-15,201528,0,266
2,2014-15,201529,0,269
2,2014-15,201530,0,278
2,2014-15,201531,0,260
2,2014-15,201532,0,268
2,2014-15,201533,0,271
2,2014-15,201534,1,258
2,2014-15,201535,0,270
2,2014-15,201536,0,254
2,2014-15,201537,0,233
2,2014-15,201538,0,273
2,2014-15,201539,0,278
2,2015-16,201540,1,292
2,2015-16,201541,0,294
2,2015-16,201542,1,330
2,2015-16,201543,0,288
2,2015-16,201544,0,293
2,2015-16,201545,0,285
2,2015-16,201546,1,278
2,2015-16,201547,0,272
2,2015-16,201548,1,288
2,2015-16,201549,1,293
2,2015-16,201550,1,298
2,2015-16,201551,1,274
2,2015-16,201552,0,327
2,2015-16,201601,1,371
2,2015-16,201602,1,361
2,2015-16,201603,2,336
2,2015-16,201604,3,352
2,2015-16,201605,2,361
2,2015-16,201606,7,323
2,2015-16,201607,8,377
2,2015-16,201608,10,401
2,2015-16,201609,19,375
2,2015-16,201610,23,390
2,2015-16,201611,43,345
2,2015-16,201612,24,383
2,2015-16,201613,23,331
2,2015-16,201614,21,346
2,2015-16,201615,33,371
2,2015-16,201616,12,318
2,2015-16,201617,10,289
2,2015-16,201618,10,294
2,2015-16,201619,11,277
2,2015-16,201620,1,284
2,2015-16,201621,3,297
2,2015-16,201622,1,253
2,2015-16,201623,2,264
2,2015-16,201624,3,263
2,2015-16,201625,0,256
2,2015-16,201626,0,264
2,2015-16,201627,1,284
2,2015-16,201628,0,254
2,2015-16,201629,0,245
2,2015-16,201630,1,260
2,2015-16,201631,0,238
2,2015-16,201632,0,263
2,2015-16,201633,0,250
2,2015-16,201634,0,256
2,2015-16,201635,0,272
2,2015-16,201636,0,232
2,2015-16,201637,0,259
2,2015-16,201638,0,237
2,2015-16,201639,1,257
2,2016-17,201640,3,289
2,2016-17,201641,2,298
2,2016-17,201642,0,314
2,2016-17,201643,1,284
2,2016-17,201644,0,294
2,2016-17,201645,1,303
2,2016-17,201646,1,309
2,2016-17,201647,0,295
2,2016-17,201648,1,306
2,2016-17,201649,1,306
2,2016-17,201650,2,311
2,2016-17,201651,4,312
2,2016-17,201652,5,354
2,2016-17,201701,21,395
2,2016-17,201702,27,420
2,2016-17,201703,25,400
2,2016-17,201704,32,388
2,2016-17,201705,32,407
2,2016-17,201706,27,388
2,2016-17,201707,35,412
2,2016-17,201708,33,415
2,2016-17,201709,35,337
2,2016-17,201710,18,349
2,2016-17,201711,16,348
2,2016-17,201712,12,350
2,2016-17,201713,8,297
2,2016-17,201714,12,344
2,2016-17,201715,11,348
2,2016-17,201716,8,324
2,2016-17,201717,11,308
2,2016-17,201718,3,286
2,2016-17,201719,1,258
2,2016-17,201720,8,285
2,2016-17,201721,3,273
2,2016-17,201722,1,278
2,2016-17,201723,0,271
2,2016-17,201724,1,289
2,2016-17,201725,0,242
2,2016-17,201726,0,278
2,2016-17,201727,0,278
2,2016-17,201728,0,291
2,2016-17,201729,0,251
2,2016-17,201730,0,277
2,2016-17,201731,0,247
2,2016-17,201731,0,247
2,2016-17,201732,0,255
2,2016-17,201733,0,262
2,2016-17,201734,0,306
2,2016-17,201735,0,246
2,2016-17,201736,0,266
2,2016-17,201737,0,264
2,2016-17,201738,0,256
2,2016-17,201739,1,241
2,2017-18,201740,2,258
2,2017-18,201741,1,273
2,2017-18,201742,3,303
2,2017-18,201743,2,283
2,2017-18,201744,1,276
2,2017-18,201745,1,298
2,2017-18,201746,1,279
2,2017-18,201747,0,284
2,2017-18,201748,2,338
2,2017-18,201749,3,315
2,2017-18,201750,4,334
2,2017-18,201751,11,398
2,2017-18,201752,16,380
2,2017-18,201801,27,433
2,2017-18,201802,41,438
2,2017-18,201803,85,475
2,2017-18,201804,109,484
2,2017-18,201805,100,438
2,2017-18,201806,111,427
2,2017-18,201807,101,437
2,2017-18,201808,75,440
2,2017-18,201809,60,354
2,2017-18,201810,38,350
2,2017-18,201811,29,366
2,2017-18,201812,26,362
2,2017-18,201813,13,302
2,2017-18,201814,20,339
2,2017-18,201815,27,342
2,2017-18,201816,10,331
2,2017-18,201817,14,314
2,2017-18,201818,10,317
2,2017-18,201819,2,257
2,2017-18,201820,6,254
2,2017-18,201821,4,282
2,2017-18,201822,0,271
2,2017-18,201823,1,261
2,2017-18,201824,0,302
2,2017-18,201825,0,275
2,2017-18,201826,1,228
2,2017-18,201827,0,291
2,2017-18,201828,0,266
2,2017-18,201829,0,237
2,2017-18,201830,1,256
2,2017-18,201831,0,270
2,2017-18,201832,0,282
2,2017-18,201833,0,235
2,2017-18,201834,0,275
2,2017-18,201835,1,242
2,2017-18,201836,0,288
2,2017-18,201837,2,247
2,2017-18,201838,1,254
2,2017-18,201839,0,269
2,2018-19,201840,3,297
2,2018-19,201841,1,262
2,2018-19,201842,0,283
2,2018-19,201843,1,329
2,2018-19,201844,1,309
2,2018-19,201845,3,337
2,2018-19,201846,1,305
2,2018-19,201847,0,298
2,2018-19,201848,3,291
2,2018-19,201849,2,318
2,2018-19,201850,3,316
2,2018-19,201851,5,276
2,2018-19,201852,11,331
2,2018-19,201901,5,205
2,2018-19,201902,6,155
2,2018-19,201903,15,227
3,2013-14,201403,30,446
3,2013-14,201404,36,439
3,2013-14,201405,35,461
3,2013-14,201406,42,429
3,2013-14,201407,21,437
3,2013-14,201408,28,413
3,2013-14,201409,19,398
3,2013-14,201410,13,375
3,2013-14,201411,8,367
3,2013-14,201412,14,364
3,2013-14,201413,9,401
3,2013-14,201414,4,379
3,2013-14,201415,5,341
3,2013-14,201416,7,342
3,2013-14,201417,5,340
3,2013-14,201418,8,333
3,2013-14,201419,6,351
3,2013-14,201420,1,338
3,2013-14,201421,2,325
3,2013-14,201422,0,266
3,2013-14,201423,0,338
3,2013-14,201424,0,338
3,2013-14,201425,0,307
3,2013-14,201426,0,277
3,2013-14,201427,1,307
3,2013-14,201428,0,307
3,2013-14,201429,0,290
3,2013-14,201430,0,309
3,2013-14,201431,1,282
3,2013-14,201432,0,274
3,2013-14,201433,0,275
3,2013-14,201434,1,282
3,2013-14,201435,0,258
3,2013-14,201436,1,288
3,2013-14,201437,0,272
3,2013-14,201438,0,286
3,2013-14,201439,0,265
3,2014-15,201440,0,288
3,2014-15,201441,1,308
3,2014-15,201442,0,315
3,2014-15,201443,2,353
3,2014-15,201444,3,324
3,2014-15,201445,2,307
3,2014-15,201446,3,342
3,2014-15,201447,4,366
3,2014-15,201448,6,316
3,2014-15,201449,6,327
3,2014-15,201450,14,366
3,2014-15,201451,16,401
3,2014-15,201452,59,459
3,2014-15,201453,142,549
3,2014-15,201501,180,593
3,2014-15,201502,153,610
3,2014-15,201503,115,581
3,2014-15,201504,79,516
3,2014-15,201505,58,486
3,2014-15,201506,47,481
3,2014-15,201507,31,447
3,2014-15,201508,19,468
3,2014-15,201509,11,482
3,2014-15,201510,18,429
3,2014-15,201511,9,389
3,2014-15,201512,11,393
3,2014-15,201513,6,375
3,2014-15,201514,12,347
3,2014-15,201515,7,383
3,2014-15,201516,3,374
3,2014-15,201517,2,347
3,2014-15,201518,1,355
3,2014-15,201519,3,331
3,2014-15,201520,0,293
3,2014-15,201521,1,362
3,2014-15,201522,0,289
3,2014-15,201523,1,341
3,2014-15,201524,0,274
3,2014-15,201525,0,293
3,2014-15,201526,0,315
3,2014-15,201527,0,310
3,2014-15,201528,0,327
3,2014-15,201529,1,288
3,2014-15,201530,0,293
3,2014-15,201531,0,271
3,2014-15,201532,0,295
3,2014-15,201533,1,305
3,2014-15,201534,0,280
3,2014-15,201535,0,309
3,2014-15,201536,1,291
3,2014-15,201537,0,286
3,2014-15,201538,1,299
3,2014-15,201539,0,307
3,2015-16,201540,1,321
3,2015-16,201541,0,330
3,2015-16,201542,0,280
3,2015-16,201543,4,289
3,2015-16,201544,2,344
3,2015-16,201545,2,292
3,2015-16,201546,1,346
3,2015-16,201547,3,327
3,2015-16,201548,2,325
3,2015-16,201549,4,328
3,2015-16,201550,1,360
3,2015-16,201551,1,346
3,2015-16,201552,3,343
3,2015-16,201601,1,377
3,2015-16,201602,4,453
3,2015-16,201603,1,378
3,2015-16,201604,2,426
3,2015-16,201605,4,404
3,2015-16,201606,3,355
3,2015-16,201607,7,351
3,2015-16,201608,5,388
3,2015-16,201609,14,408
3,2015-16,201610,19,440
3,2015-16,201611,28,377
3,2015-16,201612,37,468
3,2015-16,201613,28,388
3,2015-16,201614,31,391
3,2015-16,201615,15,358
3,2015-16,201616,20,369
3,2015-16,201617,19,341
3,2015-16,201618,14,321
3,2015-16,201619,14,292
3,2015-16,201620,4,337
3,2015-16,201621,1,291
3,2015-16,201622,1,302
3,2015-16,201623,3,309
3,2015-16,201624,0,274
3,2015-16,201625,1,266
3,2015-16,201626,2,268
3,2015-16,201627,0,286
3,2015-16,201628,0,305
3,2015-16,201629,0,247
3,2015-16,201630,1,271
3,2015-16,201631,1,251
3,2015-16,201632,0,285
3,2015-16,201633,0,279
3,2015-16,201634,0,270
3,2015-16,201635,1,253
3,2015-16,201636,0,274
3,2015-16,201637,0,297
3,2015-16,201638,0,286
3,2015-16,201639,1,263
3,2016-17,201640,0,306
3,2016-17,201641,1,312
3,2016-17,201642,1,318
3,2016-17,201643,2,316
3,2016-17,201644,3,319
3,2016-17,201645,0,291
3,2016-17,201646,0,323
3,2016-17,201647,2,316
3,2016-17,201648,4,318
3,2016-17,201649,3,358
3,2016-17,201650,2,350
3,2016-17,201651,5,368
3,2016-17,201652,12,396
3,2016-17,201701,28,447
3,2016-17,201702,25,425
3,2016-17,201703,30,489
3,2016-17,201704,23,456
3,2016-17,201705,37,444
3,2016-17,201706,48,426
3,2016-17,201707,57,418
3,2016-17,201708,62,427
3,2016-17,201709,60,418
3,2016-17,201710,53,385
3,2016-17,201711,26,393
3,2016-17,201712,35,447
3,2016-17,201713,47,361
3,2016-17,201714,27,365
3,2016-17,201715,23,401
3,2016-17,201716,17,334
3,2016-17,201717,10,312
3,2016-17,201718,5,297
3,2016-17,201719,3,336
3,2016-17,201720,7,285
3,2016-17,201721,0,289
3,2016-17,201722,1,273
3,2016-17,201723,1,320
3,2016-17,201724,2,286
3,2016-17,201725,1,279
3,2016-17,201726,0,261
3,2016-17,201727,0,262
3,2016-17,201728,0,292
3,2016-17,201729,1,270
3,2016-17,201730,1,261
3,2016-17,201731,0,250
3,2016-17,201732,0,271
3,2016-17,201733,1,259
3,2016-17,201734,0,260
3,2016-17,201735,0,269
3,2016-17,201736,0,262
3,2016-17,201737,0,269
3,2016-17,201738,1,302
3,2016-17,201739,0,287
3,2017-18,201740,2,277
3,2017-18,201741,2,294
3,2017-18,201742,1,347
3,2017-18,201743,2,299
3,2017-18,201744,1,296
3,2017-18,201745,2,304
3,2017-18,201746,0,310
3,2017-18,201747,3,316
3,2017-18,201748,5,309
3,2017-18,201749,5,319
3,2017-18,201750,8,341
3,2017-18,201751,16,339
3,2017-18,201752,23,409
3,2017-18,201801,65,444
3,2017-18,201802,92,518
3,2017-18,201803,102,504
3,2017-18,201804,104,432
3,2017-18,201805,140,484
3,2017-18,201806,112,434
3,2017-18,201807,125,450
3,2017-18,201808,117,430
3,2017-18,201809,82,414
3,2017-18,201810,49,380
3,2017-18,201811,40,360
3,2017-18,201812,36,339
3,2017-18,201813,38,382
3,2017-18,201814,28,322
3,2017-18,201815,30,339
3,2017-18,201816,24,349
3,2017-18,201817,19,316
3,2017-18,201818,17,331
3,2017-18,201819,9,272
3,2017-18,201820,5,256
3,2017-18,201821,3,300
3,2017-18,201822,3,279
3,2017-18,201823,0,281
3,2017-18,201824,1,273
3,2017-18,201825,2,288
3,2017-18,201826,0,277
3,2017-18,201827,2,256
3,2017-18,201828,0,252
3,2017-18,201829,1,264
3,2017-18,201830,1,248
3,2017-18,201831,0,242
3,2017-18,201832,0,244
3,2017-18,201833,1,270
3,2017-18,201834,0,266
3,2017-18,201835,0,256
3,2017-18,201836,1,237
3,2017-18,201837,0,246
3,2017-18,201838,0,243
3,2017-18,201839,1,261
3,2018-19,201840,0,285
3,2018-19,201841,0,258
3,2018-19,201842,1,281
3,2018-19,201843,0,279
3,2018-19,201844,1,317
3,2018-19,201845,2,263
3,2018-19,201846,1,293
3,2018-19,201847,0,289
3,2018-19,201848,3,327
3,2018-19,201849,4,279
3,2018-19,201850,4,283
3,2018-19,201851,3,256
3,2018-19,201852,6,222
3,2018-19,201901,13,215
3,2018-19,201902,13,219
3,2018-19,201903,9,195
4,2013-14,201403,103,1017
4,2013-14,201404,84,1043
4,2013-14,201405,77,988
4,2013-14,201406,57,959
4,2013-14,201407,65,877
4,2013-14,201408,27,805
4,2013-14,201409,24,832
4,2013-14,201410,22,807
4,2013-14,201411,18,780
4,2013-14,201412,8,823
4,2013-14,201413,12,713
4,2013-14,201414,13,742
4,2013-14,201415,9,734
4,2013-14,201416,6,733
4,2013-14,201417,7,678
4,2013-14,201418,9,721
4,2013-14,201419,1,710
4,2013-14,201420,1,685
4,2013-14,201421,3,690
4,2013-14,201422,1,681
4,2013-14,201423,4,697
4,2013-14,201424,1,689
4,2013-14,201425,1,627
4,2013-14,201426,0,626
4,2013-14,201427,2,636
4,2013-14,201428,2,651
4,2013-14,201429,0,654
4,2013-14,201430,0,616
4,2013-14,201431,1,590
4,2013-14,201432,0,613
4,2013-14,201433,4,595
4,2013-14,201434,1,578
4,2013-14,201435,1,569
4,2013-14,201436,0,642
4,2013-14,201437,0,604
4,2013-14,201438,3,616
4,2013-14,201439,1,612
4,2014-15,201440,4,629
4,2014-15,201441,4,677
4,2014-15,201442,6,650
4,2014-15,201443,2,671
4,2014-15,201444,8,633
4,2014-15,201445,5,703
4,2014-15,201446,7,710
4,2014-15,201447,10,722
4,2014-15,201448,15,734
4,2014-15,201449,25,815
4,2014-15,201450,39,820
4,2014-15,201451,64,908
4,2014-15,201452,105,933
4,2014-15,201453,226,1109
4,2014-15,201501,189,1166
4,2014-15,201502,169,1158
4,2014-15,201503,100,1018
4,2014-15,201504,88,978
4,2014-15,201505,69,983
4,2014-15,201506,59,929
4,2014-15,201507,52,940
4,2014-15,201508,45,995
4,2014-15,201509,37,983
4,2014-15,201510,39,1002
4,2014-15,201511,28,902
4,2014-15,201512,21,782
4,2014-15,201513,15,824
4,2014-15,201514,16,746
4,2014-15,201515,6,783
4,2014-15,201516,5,747
4,2014-15,201517,3,785
4,2014-15,201518,1,739
4,2014-15,201519,2,728
4,2014-15,201520,1,670
4,2014-15,201521,3,679
4,2014-15,201522,1,670
4,2014-15,201523,3,665
4,2014-15,201524,1,666
4,2014-15,201525,1,665
4,2014-15,201526,1,634
4,2014-15,201527,1,674
4,2014-15,201528,2,640
4,2014-15,201529,1,658
4,2014-15,201530,2,612
4,2014-15,201531,2,659
4,2014-15,201532,0,609
4,2014-15,201533,1,638
4,2014-15,201534,0,610
4,2014-15,201535,2,673
4,2014-15,201536,1,658
4,2014-15,201537,1,649
4,2014-15,201538,2,663
4,2014-15,201539,3,641
4,2015-16,201540,4,680
4,2015-16,201541,3,664
4,2015-16,201542,2,678
4,2015-16,201543,4,681
4,2015-16,201544,4,741
4,2015-16,201545,3,664
4,2015-16,201546,2,685
4,2015-16,201547,3,707
4,2015-16,201548,6,699
4,2015-16,201549,4,779
4,2015-16,201550,8,737
4,2015-16,201551,2,779
4,2015-16,201552,11,835
4,2015-16,201601,7,967
4,2015-16,201602,5,906
4,2015-16,201603,3,885
4,2015-16,201604,8,922
4,2015-16,201605,15,911
4,2015-16,201606,13,870
4,2015-16,201607,29,839
4,2015-16,201608,39,855
4,2015-16,201609,43,934
4,2015-16,201610,47,898
4,2015-16,201611,65,913
4,2015-16,201612,64,842
4,2015-16,201613,62,794
4,2015-16,201614,37,829
4,2015-16,201615,27,856
4,2015-16,201616,24,741
4,2015-16,201617,25,736
4,2015-16,201618,17,728
4,2015-16,201619,15,675
4,2015-16,201620,5,720
4,2015-16,201621,6,702
4,2015-16,201622,4,709
4,2015-16,201623,4,696
4,2015-16,201624,4,678
4,2015-16,201625,2,683
4,2015-16,201626,2,630
4,2015-16,201627,3,644
4,2015-16,201628,0,660
4,2015-16,201629,3,664
4,2015-16,201630,1,599
4,2015-16,201631,0,621
4,2015-16,201632,2,599
4,2015-16,201633,1,625
4,2015-16,201634,2,600
4,2015-16,201635,2,650
4,2015-16,201636,3,653
4,2015-16,201637,5,694
4,2015-16,201638,4,717
4,2015-16,201639,1,632
4,2016-17,201640,6,635
4,2016-17,201641,1,700
4,2016-17,201642,0,662
4,2016-17,201643,4,696
4,2016-17,201644,2,657
4,2016-17,201645,5,698
4,2016-17,201646,3,713
4,2016-17,201647,5,727
4,2016-17,201648,5,791
4,2016-17,201649,6,813
4,2016-17,201650,4,846
4,2016-17,201651,12,796
4,2016-17,201652,21,886
4,2016-17,201701,28,962
4,2016-17,201702,32,897
4,2016-17,201703,35,937
4,2016-17,201704,33,876
4,2016-17,201705,30,914
4,2016-17,201706,43,863
4,2016-17,201707,73,863
4,2016-17,201708,111,913
4,2016-17,201709,85,875
4,2016-17,201710,115,844
4,2016-17,201711,79,883
4,2016-17,201712,72,907
4,2016-17,201713,71,867
4,2016-17,201714,73,830
4,2016-17,201715,52,775
4,2016-17,201716,32,770
4,2016-17,201717,20,734
4,2016-17,201718,15,690
4,2016-17,201719,17,658
4,2016-17,201720,7,685
4,2016-17,201721,5,661
4,2016-17,201722,5,652
4,2016-17,201723,2,685
4,2016-17,201724,1,667
4,2016-17,201725,3,648
4,2016-17,201726,2,681
4,2016-17,201727,4,607
4,2016-17,201728,2,697
4,2016-17,201729,3,608
4,2016-17,201730,0,640
4,2016-17,201731,1,620
4,2016-17,201732,2,606
4,2016-17,201733,3,588
4,2016-17,201734,1,590
4,2016-17,201735,1,638
4,2016-17,201736,6,665
4,2016-17,201737,1,685
4,2016-17,201738,4,646
4,2016-17,201739,10,667
4,2017-18,201740,3,667
4,2017-18,201741,4,648
4,2017-18,201742,6,689
4,2017-18,201743,4,756
4,2017-18,201744,9,762
4,2017-18,201745,7,727
4,2017-18,201746,12,737
4,2017-18,201747,10,750
4,2017-18,201748,13,777
4,2017-18,201749,19,777
4,2017-18,201750,27,861
4,2017-18,201751,57,795
4,2017-18,201752,100,934
4,2017-18,201801,148,1048
4,2017-18,201802,232,1150
4,2017-18,201803,339,1161
4,2017-18,201804,325,1169
4,2017-18,201805,304,1073
4,2017-18,201806,322,1050
4,2017-18,201807,302,1023
4,2017-18,201808,169,901
4,2017-18,201809,149,758
4,2017-18,201810,68,785
4,2017-18,201811,65,807
4,2017-18,201812,44,776
4,2017-18,201813,36,802
4,2017-18,201814,39,773
4,2017-18,201815,28,781
4,2017-18,201816,23,713
4,2017-18,201817,15,705
4,2017-18,201818,12,670
4,2017-18,201819,6,642
4,2017-18,201820,7,660
4,2017-18,201821,2,645
4,2017-18,201822,7,656
4,2017-18,201823,2,636
4,2017-18,201824,5,616
4,2017-18,201825,2,663
4,2017-18,201826,1,621
4,2017-18,201827,1,615
4,2017-18,201828,2,603
4,2017-18,201829,3,600
4,2017-18,201830,5,589
4,2017-18,201831,0,607
4,2017-18,201832,4,591
4,2017-18,201833,1,553
4,2017-18,201834,5,575
4,2017-18,201835,3,599
4,2017-18,201836,3,604
4,2017-18,201837,0,594
4,2017-18,201838,2,623
4,2017-18,201839,5,656
4,2018-19,201840,0,646
4,2018-19,201841,2,619
4,2018-19,201842,6,622
4,2018-19,201843,6,629
4,2018-19,201844,7,629
4,2018-19,201845,9,585
4,2018-19,201846,9,672
4,2018-19,201847,7,682
4,2018-19,201848,13,643
4,2018-19,201849,14,696
4,2018-19,201850,13,719
4,2018-19,201851,18,668
4,2018-19,201852,29,690
4,2018-19,201901,46,664
4,2018-19,201902,41,608
4,2018-19,201903,26,481
5,2013-14,201403,57,824
5,2013-14,201404,57,815
5,2013-14,201405,51,823
5,2013-14,201406,43,715
5,2013-14,201407,30,704
5,2013-14,201408,35,654
5,2013-14,201409,26,599
5,2013-14,201410,23,688
5,2013-14,201411,15,666
5,2013-14,201412,12,630
5,2013-14,201413,9,620
5,2013-14,201414,6,666
5,2013-14,201415,6,636
5,2013-14,201416,8,604
5,2013-14,201417,8,582
5,2013-14,201418,3,554
5,2013-14,201419,10,594
5,2013-14,201420,5,544
5,2013-14,201421,6,526
5,2013-14,201422,3,575
5,2013-14,201423,1,538
5,2013-14,201424,3,532
5,2013-14,201425,2,522
5,2013-14,201426,1,480
5,2013-14,201427,0,516
5,2013-14,201428,0,522
5,2013-14,201429,2,518
5,2013-14,201430,2,532
5,2013-14,201431,1,519
5,2013-14,201432,1,491
5,2013-14,201433,0,481
5,2013-14,201434,1,523
5,2013-14,201435,0,499
5,2013-14,201436,0,530
5,2013-14,201437,2,499
5,2013-14,201438,1,505
5,2013-14,201439,0,542
5,2014-15,201440,0,573
5,2014-15,201441,0,553
5,2014-15,201442,0,568
5,2014-15,201443,1,558
5,2014-15,201444,2,538
5,2014-15,201445,2,603
5,2014-15,201446,2,538
5,2014-15,201447,3,581
5,2014-15,201448,10,594
5,2014-15,201449,16,644
5,2014-15,201450,53,670
5,2014-15,201451,123,776
5,2014-15,201452,177,805
5,2014-15,201453,313,939
5,2014-15,201501,308,1072
5,2014-15,201502,226,969
5,2014-15,201503,131,870
5,2014-15,201504,79,782
5,2014-15,201505,47,729
5,2014-15,201506,35,743
5,2014-15,201507,32,741
5,2014-15,201508,24,723
5,2014-15,201509,25,720
5,2014-15,201510,19,726
5,2014-15,201511,22,732
5,2014-15,201512,15,655
5,2014-15,201513,20,708
5,2014-15,201514,20,709
5,2014-15,201515,17,681
5,2014-15,201516,13,728
5,2014-15,201517,16,641
5,2014-15,201518,10,615
5,2014-15,201519,5,611
5,2014-15,201520,4,554
5,2014-15,201521,3,569
5,2014-15,201522,3,484
5,2014-15,201523,1,526
5,2014-15,201524,1,519
5,2014-15,201525,0,490
5,2014-15,201526,1,518
5,2014-15,201527,1,522
5,2014-15,201528,3,517
5,2014-15,201529,0,509
5,2014-15,201530,1,538
5,2014-15,201531,1,525
5,2014-15,201532,1,502
5,2014-15,201533,0,474
5,2014-15,201534,1,507
5,2014-15,201535,1,552
5,2014-15,201536,1,514
5,2014-15,201537,1,533
5,2014-15,201538,1,515
5,2014-15,201539,2,529
5,2015-16,201540,1,555
5,2015-16,201541,2,529
5,2015-16,201542,3,563
5,2015-16,201543,1,561
5,2015-16,201544,5,558
5,2015-16,201545,2,579
5,2015-16,201546,2,564
5,2015-16,201547,0,576
5,2015-16,201548,2,606
5,2015-16,201549,1,563
5,2015-16,201550,1,567
5,2015-16,201551,2,588
5,2015-16,201552,3,669
5,2015-16,201601,2,680
5,2015-16,201602,2,689
5,2015-16,201603,6,659
5,2015-16,201604,7,703
5,2015-16,201605,8,707
5,2015-16,201606,7,661
5,2015-16,201607,16,700
5,2015-16,201608,27,720
5,2015-16,201609,56,673
5,2015-16,201610,64,699
5,2015-16,201611,88,706
5,2015-16,201612,51,719
5,2015-16,201613,60,698
5,2015-16,201614,46,636
5,2015-16,201615,25,662
5,2015-16,201616,37,671
5,2015-16,201617,17,541
5,2015-16,201618,19,543
5,2015-16,201619,6,578
5,2015-16,201620,9,559
5,2015-16,201621,7,536
5,2015-16,201622,6,481
5,2015-16,201623,3,560
5,2015-16,201624,3,479
5,2015-16,201625,3,479
5,2015-16,201626,2,471
5,2015-16,201627,0,505
5,2015-16,201628,0,466
5,2015-16,201629,0,440
5,2015-16,201630,1,472
5,2015-16,201631,1,442
5,2015-16,201632,0,482
5,2015-16,201633,2,493
5,2015-16,201634,1,479
5,2015-16,201635,0,467
5,2015-16,201636,1,509
5,2015-16,201637,0,548
5,2015-16,201638,0,507
5,2015-16,201639,2,529
5,2016-17,201640,1,542
5,2016-17,201641,0,568
5,2016-17,201642,1,530
5,2016-17,201643,2,530
5,2016-17,201644,1,512
5,2016-17,201645,3,538
5,2016-17,201646,0,530
5,2016-17,201647,3,538
5,2016-17,201648,5,585
5,2016-17,201649,8,577
5,2016-17,201650,3,627
5,2016-17,201651,8,627
5,2016-17,201652,17,634
5,2016-17,201701,16,749
5,2016-17,201702,28,746
5,2016-17,201703,23,706
5,2016-17,201704,37,757
5,2016-17,201705,35,665
5,2016-17,201706,57,728
5,2016-17,201707,92,739
5,2016-17,201708,117,707
5,2016-17,201709,123,753
5,2016-17,201710,119,758
5,2016-17,201711,132,658
5,2016-17,201712,97,696
5,2016-17,201713,95,690
5,2016-17,201714,78,695
5,2016-17,201715,58,679
5,2016-17,201716,48,623
5,2016-17,201717,22,546
5,2016-17,201718,17,566
5,2016-17,201719,11,542
5,2016-17,201720,7,542
5,2016-17,201721,3,509
5,2016-17,201722,4,477
5,2016-17,201723,5,492
5,2016-17,201724,2,494
5,2016-17,201725,3,516
5,2016-17,201726,1,470
5,2016-17,201727,2,473
5,2016-17,201728,1,482
5,2016-17,201729,1,446
5,2016-17,201730,2,462
5,2016-17,201731,1,422
5,2016-17,201732,0,444
5,2016-17,201733,2,449
5,2016-17,201734,2,439
5,2016-17,201735,1,425
5,2016-17,201736,1,481
5,2016-17,201737,1,482
5,2016-17,201738,1,475
5,2016-17,201739,0,478
5,2017-18,201740,2,520
5,2017-18,201741,4,498
5,2017-18,201742,2,499
5,2017-18,201743,2,522
5,2017-18,201744,9,522
5,2017-18,201745,5,522
5,2017-18,201746,6,522
5,2017-18,201747,4,503
5,2017-18,201748,14,563
5,2017-18,201749,10,590
5,2017-18,201750,47,636
5,2017-18,201751,65,624
5,2017-18,201752,112,742
5,2017-18,201801,214,807
5,2017-18,201802,295,895
5,2017-18,201803,296,875
5,2017-18,201804,287,790
5,2017-18,201805,242,721
5,2017-18,201806,213,738
5,2017-18,201807,198,707
5,2017-18,201808,179,681
5,2017-18,201809,131,672
5,2017-18,201810,85,622
5,2017-18,201811,88,601
5,2017-18,201812,62,626
5,2017-18,201813,59,637
5,2017-18,201814,88,606
5,2017-18,201815,48,632
5,2017-18,201816,37,596
5,2017-18,201817,29,566
5,2017-18,201818,26,522
5,2017-18,201819,14,504
5,2017-18,201820,11,500
5,2017-18,201821,5,454
5,2017-18,201822,3,442
5,2017-18,201823,2,430
5,2017-18,201824,0,466
5,2017-18,201825,2,431
5,2017-18,201826,1,465
5,2017-18,201827,1,441
5,2017-18,201828,0,471
5,2017-18,201829,2,440
5,2017-18,201830,0,483
5,2017-18,201831,1,434
5,2017-18,201832,1,427
5,2017-18,201833,0,430
5,2017-18,201834,2,450
5,2017-18,201835,0,436
5,2017-18,201836,1,470
5,2017-18,201837,1,433
5,2017-18,201838,1,464
5,2017-18,201839,3,461
5,2018-19,201840,3,455
5,2018-19,201841,0,484
5,2018-19,201842,2,506
5,2018-19,201843,2,455
5,2018-19,201844,3,466
5,2018-19,201845,4,509
5,2018-19,201846,2,461
5,2018-19,201847,1,470
5,2018-19,201848,2,520
5,2018-19,201849,8,499
5,2018-19,201850,8,478
5,2018-19,201851,9,500
5,2018-19,201852,9,530
5,2018-19,201901,27,602
5,2018-19,201902,21,536
5,2018-19,201903,22,437
6,2013-14,201403,114,704
6,2013-14,201404,82,645
6,2013-14,201405,70,596
6,2013-14,201406,45,578
6,2013-14,201407,40,572
6,2013-14,201408,23,511
6,2013-14,201409,28,500
6,2013-14,201410,21,527
6,2013-14,201411,16,502
6,2013-14,201412,6,464
6,2013-14,201413,5,440
6,2013-14,201414,3,456
6,2013-14,201415,4,450
6,2013-14,201416,2,419
6,2013-14,201417,2,368
6,2013-14,201418,1,405
6,2013-14,201419,2,450
6,2013-14,201420,1,369
6,2013-14,201421,3,385
6,2013-14,201422,3,353
6,2013-14,201423,3,389
6,2013-14,201424,1,370
6,2013-14,201425,0,361
6,2013-14,201426,0,372
6,2013-14,201427,0,374
6,2013-14,201428,1,355
6,2013-14,201429,0,375
6,2013-14,201430,0,360
6,2013-14,201431,0,362
6,2013-14,201432,0,323
6,2013-14,201433,0,347
6,2013-14,201434,0,333
6,2013-14,201435,1,326
6,2013-14,201436,0,312
6,2013-14,201437,1,357
6,2013-14,201438,1,369
6,2013-14,201439,3,322
6,2014-15,201440,0,381
6,2014-15,201441,0,363
6,2014-15,201442,0,372
6,2014-15,201443,1,373
6,2014-15,201444,1,354
6,2014-15,201445,1,372
6,2014-15,201446,2,364
6,2014-15,201447,5,416
6,2014-15,201448,2,422
6,2014-15,201449,13,439
6,2014-15,201450,20,484
6,2014-15,201451,34,481
6,2014-15,201452,40,520
6,2014-15,201453,82,605
6,2014-15,201501,82,699
6,2014-15,201502,80,681
6,2014-15,201503,68,654
6,2014-15,201504,68,593
6,2014-15,201505,48,561
6,2014-15,201506,42,523
6,2014-15,201507,33,553
6,2014-15,201508,21,514
6,2014-15,201509,13,550
6,2014-15,201510,10,544
6,2014-15,201511,15,503
6,2014-15,201512,9,499
6,2014-15,201513,5,447
6,2014-15,201514,5,440
6,2014-15,201515,3,490
6,2014-15,201516,2,413
6,2014-15,201517,1,454
6,2014-15,201518,4,451
6,2014-15,201519,0,423
6,2014-15,201520,0,407
6,2014-15,201521,1,416
6,2014-15,201522,1,401
6,2014-15,201523,0,424
6,2014-15,201524,1,414
6,2014-15,201525,0,378
6,2014-15,201526,0,377
6,2014-15,201527,0,365
6,2014-15,201528,0,368
6,2014-15,201529,1,371
6,2014-15,201530,0,331
6,2014-15,201531,0,351
6,2014-15,201532,2,348
6,2014-15,201533,1,344
6,2014-15,201534,0,353
6,2014-15,201535,0,302
6,2014-15,201536,0,336
6,2014-15,201537,1,384
6,2014-15,201538,0,347
6,2014-15,201539,0,357
6,2015-16,201540,4,350
6,2015-16,201541,0,393
6,2015-16,201542,3,434
6,2015-16,201543,2,374
6,2015-16,201544,2,391
6,2015-16,201545,2,390
6,2015-16,201546,4,436
6,2015-16,201547,4,376
6,2015-16,201548,5,441
6,2015-16,201549,3,483
6,2015-16,201550,4,452
6,2015-16,201551,3,448
6,2015-16,201552,4,486
6,2015-16,201601,3,531
6,2015-16,201602,3,514
6,2015-16,201603,3,498
6,2015-16,201604,4,490
6,2015-16,201605,5,491
6,2015-16,201606,10,505
6,2015-16,201607,12,488
6,2015-16,201608,16,527
6,2015-16,201609,17,495
6,2015-16,201610,21,491
6,2015-16,201611,18,497
6,2015-16,201612,23,482
6,2015-16,201613,16,456
6,2015-16,201614,20,481
6,2015-16,201615,13,466
6,2015-16,201616,11,457
6,2015-16,201617,8,419
6,2015-16,201618,7,421
6,2015-16,201619,7,449
6,2015-16,201620,3,394
6,2015-16,201621,2,407
6,2015-16,201622,1,425
6,2015-16,201623,0,420
6,2015-16,201624,3,370
6,2015-16,201625,1,350
6,2015-16,201626,1,411
6,2015-16,201627,0,364
6,2015-16,201628,0,357
6,2015-16,201629,0,341
6,2015-16,201630,0,338
6,2015-16,201631,0,370
6,2015-16,201632,0,351
6,2015-16,201633,1,360
6,2015-16,201634,1,366
6,2015-16,201635,0,375
6,2015-16,201636,1,350
6,2015-16,201637,1,397
6,2015-16,201638,2,376
6,2015-16,201639,3,396
6,2016-17,201640,2,374
6,2016-17,201641,2,369
6,2016-17,201642,0,393
6,2016-17,201643,2,375
6,2016-17,201644,2,349
6,2016-17,201645,2,419
6,2016-17,201646,2,345
6,2016-17,201647,3,387
6,2016-17,201648,6,427
6,2016-17,201649,2,439
6,2016-17,201650,8,453
6,2016-17,201651,11,463
6,2016-17,201652,7,481
6,2016-17,201701,17,539
6,2016-17,201702,29,514
6,2016-17,201703,13,571
6,2016-17,201704,29,495
6,2016-17,201705,34,515
6,2016-17,201706,42,571
6,2016-17,201707,61,536
6,2016-17,201708,67,597
6,2016-17,201709,61,532
6,2016-17,201710,44,545
6,2016-17,201711,27,520
6,2016-17,201712,31,465
6,2016-17,201713,25,477
6,2016-17,201714,21,431
6,2016-17,201715,12,443
6,2016-17,201716,12,367
6,2016-17,201717,6,441
6,2016-17,201718,3,426
6,2016-17,201719,3,371
6,2016-17,201720,1,395
6,2016-17,201721,1,378
6,2016-17,201722,4,395
6,2016-17,201723,3,391
6,2016-17,201724,4,362
6,2016-17,201725,3,370
6,2016-17,201726,2,354
6,2016-17,201727,3,349
6,2016-17,201728,0,369
6,2016-17,201729,0,335
6,2016-17,201730,0,376
6,2016-17,201731,1,332
6,2016-17,201732,2,340
6,2016-17,201733,1,346
6,2016-17,201734,0,334
6,2016-17,201735,2,343
6,2016-17,201736,2,346
6,2016-17,201737,2,419
6,2016-17,201738,4,394
6,2016-17,201739,1,374
6,2017-18,201740,3,373
6,2017-18,201741,4,379
6,2017-18,201742,4,392
6,2017-18,201743,3,402
6,2017-18,201744,3,406
6,2017-18,201745,6,377
6,2017-18,201746,12,442
6,2017-18,201747,15,432
6,2017-18,201748,19,436
6,2017-18,201749,29,486
6,2017-18,201750,34,476
6,2017-18,201751,63,571
6,2017-18,201752,111,561
6,2017-18,201801,166,713
6,2017-18,201802,237,790
6,2017-18,201803,222,748
6,2017-18,201804,197,721
6,2017-18,201805,183,616
6,2017-18,201806,152,620
6,2017-18,201807,143,647
6,2017-18,201808,97,603
6,2017-18,201809,85,538
6,2017-18,201810,58,544
6,2017-18,201811,28,426
6,2017-18,201812,22,462
6,2017-18,201813,18,448
6,2017-18,201814,10,442
6,2017-18,201815,4,423
6,2017-18,201816,8,359
6,2017-18,201817,4,401
6,2017-18,201818,8,413
6,2017-18,201819,2,389
6,2017-18,201820,2,369
6,2017-18,201821,1,360
6,2017-18,201822,0,378
6,2017-18,201823,3,365
6,2017-18,201824,2,364
6,2017-18,201825,0,352
6,2017-18,201826,3,389
6,2017-18,201827,2,335
6,2017-18,201828,0,354
6,2017-18,201829,0,355
6,2017-18,201830,2,324
6,2017-18,201831,2,309
6,2017-18,201832,4,331
6,2017-18,201833,0,328
6,2017-18,201834,0,375
6,2017-18,201835,0,330
6,2017-18,201836,1,329
6,2017-18,201837,4,372
6,2017-18,201838,3,346
6,2017-18,201839,2,310
6,2018-19,201840,2,355
6,2018-19,201841,3,350
6,2018-19,201842,3,334
6,2018-19,201843,6,422
6,2018-19,201844,5,344
6,2018-19,201845,5,374
6,2018-19,201846,4,395
6,2018-19,201847,10,411
6,2018-19,201848,4,404
6,2018-19,201849,9,412
6,2018-19,201850,6,433
6,2018-19,201851,16,386
6,2018-19,201852,4,334
6,2018-19,201901,23,359
6,2018-19,201902,17,313
6,2018-19,201903,9,152
7,2013-14,201403,21,249
7,2013-14,201404,18,195
7,2013-14,201405,11,200
7,2013-14,201406,16,217
7,2013-14,201407,8,205
7,2013-14,201408,14,190
7,2013-14,201409,7,171
7,2013-14,201410,2,218
7,2013-14,201411,3,200
7,2013-14,201412,4,193
7,2013-14,201413,3,218
7,2013-14,201414,3,193
7,2013-14,201415,1,206
7,2013-14,201416,1,177
7,2013-14,201417,3,173
7,2013-14,201418,1,170
7,2013-14,201419,2,166
7,2013-14,201420,1,141
7,2013-14,201421,1,160
7,2013-14,201422,1,158
7,2013-14,201423,1,162
7,2013-14,201424,2,161
7,2013-14,201425,0,188
7,2013-14,201426,0,123
7,2013-14,201427,0,128
7,2013-14,201428,0,152
7,2013-14,201429,1,159
7,2013-14,201430,0,150
7,2013-14,201431,0,146
7,2013-14,201432,0,134
7,2013-14,201433,0,159
7,2013-14,201434,1,141
7,2013-14,201435,1,156
7,2013-14,201436,0,159
7,2013-14,201437,0,154
7,2013-14,201438,1,156
7,2013-14,201439,1,179
7,2014-15,201440,1,141
7,2014-15,201441,0,155
7,2014-15,201442,1,150
7,2014-15,201443,0,194
7,2014-15,201444,0,161
7,2014-15,201445,0,161
7,2014-15,201446,0,164
7,2014-15,201447,4,161
7,2014-15,201448,4,163
7,2014-15,201449,11,168
7,2014-15,201450,20,205
7,2014-15,201451,29,220
7,2014-15,201452,54,210
7,2014-15,201453,84,286
7,2014-15,201501,93,271
7,2014-15,201502,75,272
7,2014-15,201503,63,247
7,2014-15,201504,44,232
7,2014-15,201505,32,232
7,2014-15,201506,13,226
7,2014-15,201507,15,218
7,2014-15,201508,11,240
7,2014-15,201509,17,252
7,2014-15,201510,13,225
7,2014-15,201511,13,232
7,2014-15,201512,18,200
7,2014-15,201513,10,198
7,2014-15,201514,9,228
7,2014-15,201515,8,215
7,2014-15,201516,6,184
7,2014-15,201517,4,168
7,2014-15,201518,1,164
7,2014-15,201519,2,154
7,2014-15,201520,0,156
7,2014-15,201521,3,170
7,2014-15,201522,0,155
7,2014-15,201523,0,146
7,2014-15,201524,2,191
7,2014-15,201525,1,169
7,2014-15,201526,2,165
7,2014-15,201527,0,152
7,2014-15,201528,0,148
7,2014-15,201529,0,141
7,2014-15,201530,0,148
7,2014-15,201531,0,144
7,2014-15,201532,2,140
7,2014-15,201533,0,142
7,2014-15,201534,1,151
7,2014-15,201535,0,133
7,2014-15,201536,0,143
7,2014-15,201537,0,146
7,2014-15,201538,1,156
7,2014-15,201539,0,166
7,2015-16,201540,0,168
7,2015-16,201541,0,154
7,2015-16,201542,2,163
7,2015-16,201543,1,184
7,2015-16,201544,0,176
7,2015-16,201545,1,140
7,2015-16,201546,1,156
7,2015-16,201547,0,150
7,2015-16,201548,0,153
7,2015-16,201549,1,161
7,2015-16,201550,3,158
7,2015-16,201551,1,157
7,2015-16,201552,0,189
7,2015-16,201601,3,216
7,2015-16,201602,2,219
7,2015-16,201603,2,187
7,2015-16,201604,3,195
7,2015-16,201605,1,187
7,2015-16,201606,4,189
7,2015-16,201607,8,200
7,2015-16,201608,9,175
7,2015-16,201609,6,192
7,2015-16,201610,22,218
7,2015-16,201611,17,193
7,2015-16,201612,11,182
7,2015-16,201613,13,189
7,2015-16,201614,13,210
7,2015-16,201615,15,183
7,2015-16,201616,6,172
7,2015-16,201617,8,183
7,2015-16,201618,3,169
7,2015-16,201619,2,144
7,2015-16,201620,0,139
7,2015-16,201621,1,153
7,2015-16,201622,1,116
7,2015-16,201623,0,154
7,2015-16,201624,0,124
7,2015-16,201625,0,121
7,2015-16,201626,1,150
7,2015-16,201627,0,131
7,2015-16,201628,0,131
7,2015-16,201629,1,112
7,2015-16,201630,0,131
7,2015-16,201631,0,144
7,2015-16,201632,0,137
7,2015-16,201633,0,140
7,2015-16,201634,0,117
7,2015-16,201635,0,155
7,2015-16,201636,0,116
7,2015-16,201637,1,152
7,2015-16,201638,0,163
7,2015-16,201639,1,159
7,2016-17,201640,0,137
7,2016-17,201641,2,163
7,2016-17,201642,1,159
7,2016-17,201643,1,144
7,2016-17,201644,0,155
7,2016-17,201645,2,150
7,2016-17,201646,0,158
7,2016-17,201647,0,176
7,2016-17,201648,1,155
7,2016-17,201649,2,176
7,2016-17,201650,3,179
7,2016-17,201651,3,187
7,2016-17,201652,11,208
7,2016-17,201701,11,225
7,2016-17,201702,24,218
7,2016-17,201703,27,252
7,2016-17,201704,40,236
7,2016-17,201705,36,222
7,2016-17,201706,51,240
7,2016-17,201707,63,240
7,2016-17,201708,70,242
7,2016-17,201709,45,212
7,2016-17,201710,34,244
7,2016-17,201711,25,226
7,2016-17,201712,18,200
7,2016-17,201713,22,207
7,2016-17,201714,16,170
7,2016-17,201715,7,170
7,2016-17,201716,7,135
7,2016-17,201717,4,165
7,2016-17,201718,2,134
7,2016-17,201719,3,141
7,2016-17,201720,2,154
7,2016-17,201721,0,134
7,2016-17,201722,0,147
7,2016-17,201723,0,156
7,2016-17,201724,2,145
7,2016-17,201725,0,142
7,2016-17,201726,0,130
7,2016-17,201727,1,126
7,2016-17,201728,0,152
7,2016-17,201729,1,142
7,2016-17,201730,0,113
7,2016-17,201731,1,116
7,2016-17,201732,0,131
7,2016-17,201733,0,106
7,2016-17,201734,0,114
7,2016-17,201735,1,119
7,2016-17,201736,0,116
7,2016-17,201737,0,143
7,2016-17,201738,1,135
7,2016-17,201739,2,128
7,2017-18,201740,1,164
7,2017-18,201741,0,156
7,2017-18,201742,0,159
7,2017-18,201743,2,188
7,2017-18,201744,3,161
7,2017-18,201745,4,146
7,2017-18,201746,4,149
7,2017-18,201747,1,142
7,2017-18,201748,0,196
7,2017-18,201749,7,156
7,2017-18,201750,8,165
7,2017-18,201751,28,180
7,2017-18,201752,46,209
7,2017-18,201801,75,242
7,2017-18,201802,113,285
7,2017-18,201803,132,262
7,2017-18,201804,128,256
7,2017-18,201805,98,248
7,2017-18,201806,86,233
7,2017-18,201807,94,229
7,2017-18,201808,69,228
7,2017-18,201809,67,229
7,2017-18,201810,48,204
7,2017-18,201811,36,231
7,2017-18,201812,26,214
7,2017-18,201813,24,185
7,2017-18,201814,15,188
7,2017-18,201815,6,173
7,2017-18,201816,5,182
7,2017-18,201817,7,157
7,2017-18,201818,6,122
7,2017-18,201819,3,144
7,2017-18,201820,2,122
7,2017-18,201821,0,135
7,2017-18,201822,1,141
7,2017-18,201823,1,165
7,2017-18,201824,2,126
7,2017-18,201825,0,130
7,2017-18,201826,0,144
7,2017-18,201827,1,132
7,2017-18,201828,1,122
7,2017-18,201829,0,136
7,2017-18,201830,2,110
7,2017-18,201831,0,113
7,2017-18,201832,0,136
7,2017-18,201833,0,118
7,2017-18,201834,0,136
7,2017-18,201835,0,115
7,2017-18,201836,0,153
7,2017-18,201837,1,146
7,2017-18,201838,1,131
7,2017-18,201839,0,166
7,2018-19,201840,1,142
7,2018-19,201841,1,152
7,2018-19,201842,1,161
7,2018-19,201843,0,145
7,2018-19,201844,2,135
7,2018-19,201845,0,136
7,2018-19,201846,1,164
7,2018-19,201847,1,144
7,2018-19,201848,1,163
7,2018-19,201849,1,152
7,2018-19,201850,1,165
7,2018-19,201851,7,164
7,2018-19,201852,5,141
7,2018-19,201901,12,143
7,2018-19,201902,15,182
7,2018-19,201903,4,142
8,2013-14,201403,20,127
8,2013-14,201404,17,126
8,2013-14,201405,16,138
8,2013-14,201406,8,130
8,2013-14,201407,8,137
8,2013-14,201408,4,102
8,2013-14,201409,4,126
8,2013-14,201410,3,119
8,2013-14,201411,5,121
8,2013-14,201412,1,119
8,2013-14,201413,2,142
8,2013-14,201414,0,110
8,2013-14,201415,1,125
8,2013-14,201416,1,116
8,2013-14,201417,1,113
8,2013-14,201418,0,105
8,2013-14,201419,0,113
8,2013-14,201420,2,89
8,2013-14,201421,2,110
8,2013-14,201422,1,96
8,2013-14,201423,3,86
8,2013-14,201424,1,112
8,2013-14,201425,0,79
8,2013-14,201426,0,90
8,2013-14,201427,1,80
8,2013-14,201428,0,69
8,2013-14,201429,0,79
8,2013-14,201430,0,85
8,2013-14,201431,0,81
8,2013-14,201432,0,72
8,2013-14,201433,0,71
8,2013-14,201434,0,78
8,2013-14,201435,0,94
8,2013-14,201436,0,106
8,2013-14,201437,1,111
8,2013-14,201438,0,98
8,2013-14,201439,0,102
8,2014-15,201440,0,90
8,2014-15,201441,1,95
8,2014-15,201442,0,75
8,2014-15,201443,1,112
8,2014-15,201444,1,97
8,2014-15,201445,0,84
8,2014-15,201446,0,90
8,2014-15,201447,0,80
8,2014-15,201448,4,91
8,2014-15,201449,5,111
8,2014-15,201450,10,128
8,2014-15,201451,20,127
8,2014-15,201452,35,125
8,2014-15,201453,65,167
8,2014-15,201501,77,172
8,2014-15,201502,52,179
8,2014-15,201503,18,120
8,2014-15,201504,22,111
8,2014-15,201505,14,113
8,2014-15,201506,20,125
8,2014-15,201507,10,124
8,2014-15,201508,12,127
8,2014-15,201509,11,118
8,2014-15,201510,8,127
8,2014-15,201511,5,136
8,2014-15,201512,5,133
8,2014-15,201513,9,113
8,2014-15,201514,9,130
8,2014-15,201515,5,138
8,2014-15,201516,5,99
8,2014-15,201517,1,109
8,2014-15,201518,0,99
8,2014-15,201519,1,101
8,2014-15,201520,0,91
8,2014-15,201521,1,106
8,2014-15,201522,1,128
8,2014-15,201523,1,119
8,2014-15,201524,0,97
8,2014-15,201525,0,94
8,2014-15,201526,0,93
8,2014-15,201527,0,90
8,2014-15,201528,0,82
8,2014-15,201529,0,88
8,2014-15,201530,0,74
8,2014-15,201531,0,90
8,2014-15,201532,1,77
8,2014-15,201533,0,73
8,2014-15,201534,1,79
8,2014-15,201535,0,67
8,2014-15,201536,0,82
8,2014-15,201537,1,89
8,2014-15,201538,0,95
8,2014-15,201539,1,92
8,2015-16,201540,1,92
8,2015-16,201541,1,87
8,2015-16,201542,1,101
8,2015-16,201543,2,80
8,2015-16,201544,0,102
8,2015-16,201545,1,104
8,2015-16,201546,0,83
8,2015-16,201547,0,95
8,2015-16,201548,0,100
8,2015-16,201549,1,116
8,2015-16,201550,0,110
8,2015-16,201551,1,92
8,2015-16,201552,1,129
8,2015-16,201601,2,124
8,2015-16,201602,2,148
8,2015-16,201603,1,124
8,2015-16,201604,2,120
8,2015-16,201605,2,115
8,2015-16,201606,2,124
8,2015-16,201607,6,103
8,2015-16,201608,6,132
8,2015-16,201609,15,132
8,2015-16,201610,14,121
8,2015-16,201611,13,137
8,2015-16,201612,13,142
8,2015-16,201613,12,114
8,2015-16,201614,20,124
8,2015-16,201615,17,103
8,2015-16,201616,6,108
8,2015-16,201617,6,102
8,2015-16,201618,6,101
8,2015-16,201619,6,88
8,2015-16,201620,4,95
8,2015-16,201621,1,96
8,2015-16,201622,0,87
8,2015-16,201623,0,84
8,2015-16,201624,0,92
8,2015-16,201625,0,92
8,2015-16,201626,0,91
8,2015-16,201627,0,72
8,2015-16,201628,0,97
8,2015-16,201629,1,75
8,2015-16,201630,0,88
8,2015-16,201631,0,88
8,2015-16,201632,0,67
8,2015-16,201633,0,64
8,2015-16,201634,0,55
8,2015-16,201635,0,78
8,2015-16,201636,0,78
8,2015-16,201637,0,76
8,2015-16,201638,1,92
8,2015-16,201639,0,107
8,2016-17,201640,0,82
8,2016-17,201641,1,102
8,2016-17,201642,0,97
8,2016-17,201643,0,98
8,2016-17,201644,3,95
8,2016-17,201645,1,92
8,2016-17,201646,0,86
8,2016-17,201647,0,98
8,2016-17,201648,0,108
8,2016-17,201649,0,111
8,2016-17,201650,3,121
8,2016-17,201651,7,105
8,2016-17,201652,13,105
8,2016-17,201701,15,118
8,2016-17,201702,20,127
8,2016-17,201703,23,111
8,2016-17,201704,15,156
8,2016-17,201705,28,121
8,2016-17,201706,23,115
8,2016-17,201707,36,132
8,2016-17,201708,26,124
8,2016-17,201709,21,140
8,2016-17,201710,14,138
8,2016-17,201711,20,140
8,2016-17,201712,12,111
8,2016-17,201713,14,119
8,2016-17,201714,12,116
8,2016-17,201715,8,97
8,2016-17,201716,7,110
8,2016-17,201717,3,98
8,2016-17,201718,4,78
8,2016-17,201719,4,92
8,2016-17,201720,0,101
8,2016-17,201721,3,100
8,2016-17,201722,2,76
8,2016-17,201723,0,96
8,2016-17,201724,1,80
8,2016-17,201725,1,93
8,2016-17,201726,0,81
8,2016-17,201727,1,72
8,2016-17,201728,0,67
8,2016-17,201729,0,78
8,2016-17,201730,0,66
8,2016-17,201731,0,72
8,2016-17,201732,1,68
8,2016-17,201733,0,79
8,2016-17,201734,0,71
8,2016-17,201735,0,91
8,2016-17,201736,1,74
8,2016-17,201737,1,107
8,2016-17,201738,1,80
8,2016-17,201739,2,81
8,2017-18,201740,0,119
8,2017-18,201741,0,88
8,2017-18,201742,1,104
8,2017-18,201743,1,91
8,2017-18,201744,3,98
8,2017-18,201745,7,119
8,2017-18,201746,3,113
8,2017-18,201747,3,81
8,2017-18,201748,10,90
8,2017-18,201749,11,109
8,2017-18,201750,9,107
8,2017-18,201751,15,123
8,2017-18,201752,28,101
8,2017-18,201801,33,163
8,2017-18,201802,49,146
8,2017-18,201803,53,118
8,2017-18,201804,35,165
8,2017-18,201805,34,143
8,2017-18,201806,38,128
8,2017-18,201807,40,127
8,2017-18,201808,24,125
8,2017-18,201809,20,110
8,2017-18,201810,21,146
8,2017-18,201811,20,136
8,2017-18,201812,20,112
8,2017-18,201813,17,108
8,2017-18,201814,14,118
8,2017-18,201815,7,95
8,2017-18,201816,5,106
8,2017-18,201817,3,109
8,2017-18,201818,3,90
8,2017-18,201819,0,84
8,2017-18,201820,2,80
8,2017-18,201821,2,75
8,2017-18,201822,0,81
8,2017-18,201823,1,75
8,2017-18,201824,0,95
8,2017-18,201825,0,102
8,2017-18,201826,0,92
8,2017-18,201827,3,84
8,2017-18,201828,0,73
8,2017-18,201829,0,73
8,2017-18,201830,0,82
8,2017-18,201831,0,71
8,2017-18,201832,0,63
8,2017-18,201833,1,76
8,2017-18,201834,1,65
8,2017-18,201835,0,84
8,2017-18,201836,0,74
8,2017-18,201837,0,76
8,2017-18,201838,0,94
8,2017-18,201839,1,78
8,2018-19,201840,0,104
8,2018-19,201841,0,78
8,2018-19,201842,0,97
8,2018-19,201843,1,86
8,2018-19,201844,0,101
8,2018-19,201845,1,91
8,2018-19,201846,1,97
8,2018-19,201847,2,99
8,2018-19,201848,2,93
8,2018-19,201849,0,87
8,2018-19,201850,1,90
8,2018-19,201851,2,98
8,2018-19,201852,12,79
8,2018-19,201901,2,98
8,2018-19,201902,11,108
8,2018-19,201903,4,64
9,2013-14,201403,86,805
9,2013-14,201404,100,762
9,2013-14,201405,81,667
9,2013-14,201406,71,717
9,2013-14,201407,61,674
9,2013-14,201408,34,579
9,2013-14,201409,22,571
9,2013-14,201410,16,590
9,2013-14,201411,6,588
9,2013-14,201412,9,526
9,2013-14,201413,5,523
9,2013-14,201414,3,530
9,2013-14,201415,6,504
9,2013-14,201416,2,481
9,2013-14,201417,1,485
9,2013-14,201418,3,472
9,2013-14,201419,2,468
9,2013-14,201420,2,449
9,2013-14,201421,2,471
9,2013-14,201422,1,451
9,2013-14,201423,2,452
9,2013-14,201424,5,429
9,2013-14,201425,1,436
9,2013-14,201426,1,452
9,2013-14,201427,1,429
9,2013-14,201428,0,415
9,2013-14,201429,2,393
9,2013-14,201430,1,415
9,2013-14,201431,1,402
9,2013-14,201432,0,408
9,2013-14,201433,0,428
9,2013-14,201434,0,416
9,2013-14,201435,0,397
9,2013-14,201436,0,429
9,2013-14,201437,0,385
9,2013-14,201438,0,425
9,2013-14,201439,1,433
9,2014-15,201440,0,431
9,2014-15,201441,1,439
9,2014-15,201442,3,382
9,2014-15,201443,2,388
9,2014-15,201444,1,455
9,2014-15,201445,1,436
9,2014-15,201446,1,436
9,2014-15,201447,4,449
9,2014-15,201448,4,500
9,2014-15,201449,1,476
9,2014-15,201450,3,481
9,2014-15,201451,6,517
9,2014-15,201452,9,525
9,2014-15,201453,17,599
9,2014-15,201501,41,675
9,2014-15,201502,45,740
9,2014-15,201503,63,752
9,2014-15,201504,63,728
9,2014-15,201505,68,707
9,2014-15,201506,53,665
9,2014-15,201507,29,633
9,2014-15,201508,25,629
9,2014-15,201509,19,607
9,2014-15,201510,16,594
9,2014-15,201511,14,554
9,2014-15,201512,6,528
9,2014-15,201513,5,504
9,2014-15,201514,7,513
9,2014-15,201515,5,518
9,2014-15,201516,5,539
9,2014-15,201517,6,504
9,2014-15,201518,2,470
9,2014-15,201519,2,483
9,2014-15,201520,3,463
9,2014-15,201521,3,482
9,2014-15,201522,0,472
9,2014-15,201523,2,456
9,2014-15,201524,0,423
9,2014-15,201525,0,473
9,2014-15,201526,1,438
9,2014-15,201527,1,416
9,2014-15,201528,2,417
9,2014-15,201529,0,413
9,2014-15,201530,1,415
9,2014-15,201531,0,414
9,2014-15,201532,2,367
9,2014-15,201533,1,434
9,2014-15,201534,1,412
9,2014-15,201535,0,393
9,2014-15,201536,0,422
9,2014-15,201537,1,443
9,2014-15,201538,0,437
9,2014-15,201539,0,416
9,2015-16,201540,1,460
9,2015-16,201541,0,417
9,2015-16,201542,3,410
9,2015-16,201543,2,421
9,2015-16,201544,4,456
9,2015-16,201545,2,480
9,2015-16,201546,1,499
9,2015-16,201547,2,541
9,2015-16,201548,3,538
9,2015-16,201549,4,539
9,2015-16,201550,7,518
9,2015-16,201551,4,544
9,2015-16,201552,7,636
9,2015-16,201601,8,634
9,2015-16,201602,6,654
9,2015-16,201603,12,655
9,2015-16,201604,14,582
9,2015-16,201605,19,582
9,2015-16,201606,36,621
9,2015-16,201607,51,677
9,2015-16,201608,53,703
9,2015-16,201609,63,702
9,2015-16,201610,57,667
9,2015-16,201611,47,645
9,2015-16,201612,32,610
9,2015-16,201613,29,557
9,2015-16,201614,21,555
9,2015-16,201615,21,540
9,2015-16,201616,13,503
9,2015-16,201617,9,471
9,2015-16,201618,5,496
9,2015-16,201619,5,450
9,2015-16,201620,5,478
9,2015-16,201621,7,431
9,2015-16,201622,3,405
9,2015-16,201623,5,435
9,2015-16,201624,4,376
9,2015-16,201625,3,376
9,2015-16,201626,2,414
9,2015-16,201627,3,364
9,2015-16,201628,2,408
9,2015-16,201629,0,423
9,2015-16,201630,1,412
9,2015-16,201631,0,422
9,2015-16,201632,0,383
9,2015-16,201633,1,405
9,2015-16,201634,0,453
9,2015-16,201635,2,374
9,2015-16,201636,0,436
9,2015-16,201637,1,417
9,2015-16,201638,2,412
9,2015-16,201639,1,391
9,2016-17,201640,6,402
9,2016-17,201641,1,422
9,2016-17,201642,3,450
9,2016-17,201643,2,402
9,2016-17,201644,3,451
9,2016-17,201645,3,446
9,2016-17,201646,1,451
9,2016-17,201647,4,438
9,2016-17,201648,7,512
9,2016-17,201649,5,549
9,2016-17,201650,14,549
9,2016-17,201651,19,555
9,2016-17,201652,24,667
9,2016-17,201701,60,743
9,2016-17,201702,85,749
9,2016-17,201703,84,728
9,2016-17,201704,59,651
9,2016-17,201705,42,720
9,2016-17,201706,49,696
9,2016-17,201707,38,643
9,2016-17,201708,30,574
9,2016-17,201709,31,620
9,2016-17,201710,15,591
9,2016-17,201711,17,587
9,2016-17,201712,12,545
9,2016-17,201713,17,520
9,2016-17,201714,4,576
9,2016-17,201715,8,526
9,2016-17,201716,7,512
9,2016-17,201717,5,532
9,2016-17,201718,5,514
9,2016-17,201719,3,527
9,2016-17,201720,13,460
9,2016-17,201721,5,461
9,2016-17,201722,5,467
9,2016-17,201723,5,435
9,2016-17,201724,4,454
9,2016-17,201725,2,447
9,2016-17,201726,3,445
9,2016-17,201727,6,413
9,2016-17,201728,1,431
9,2016-17,201729,3,393
9,2016-17,201730,0,403
9,2016-17,201731,0,382
9,2016-17,201732,1,392
9,2016-17,201733,3,379
9,2016-17,201734,4,383
9,2016-17,201735,2,391
9,2016-17,201736,2,395
9,2016-17,201737,0,408
9,2016-17,201738,4,403
9,2016-17,201739,1,403
9,2017-18,201740,2,411
9,2017-18,201741,3,395
9,2017-18,201742,7,424
9,2017-18,201743,7,446
9,2017-18,201744,4,429
9,2017-18,201745,9,419
9,2017-18,201746,9,473
9,2017-18,201747,8,453
9,2017-18,201748,13,491
9,2017-18,201749,21,500
9,2017-18,201750,15,533
9,2017-18,201751,72,596
9,2017-18,201752,179,737
9,2017-18,201801,340,883
9,2017-18,201802,345,924
9,2017-18,201803,270,818
9,2017-18,201804,150,768
9,2017-18,201805,127,757
9,2017-18,201806,95,670
9,2017-18,201807,67,618
9,2017-18,201808,67,653
9,2017-18,201809,51,631
9,2017-18,201810,56,684
9,2017-18,201811,70,603
9,2017-18,201812,51,590
9,2017-18,201813,28,608
9,2017-18,201814,33,590
9,2017-18,201815,25,488
9,2017-18,201816,12,487
9,2017-18,201817,13,501
9,2017-18,201818,6,459
9,2017-18,201819,6,477
9,2017-18,201820,1,422
9,2017-18,201821,3,438
9,2017-18,201822,7,412
9,2017-18,201823,0,434
9,2017-18,201824,3,439
9,2017-18,201825,0,401
9,2017-18,201826,0,413
9,2017-18,201827,0,376
9,2017-18,201828,1,393
9,2017-18,201829,1,392
9,2017-18,201830,2,416
9,2017-18,201831,1,379
9,2017-18,201832,0,399
9,2017-18,201833,2,374
9,2017-18,201834,2,350
9,2017-18,201835,0,339
9,2017-18,201836,0,363
9,2017-18,201837,0,416
9,2017-18,201838,2,398
9,2017-18,201839,1,377
9,2018-19,201840,0,408
9,2018-19,201841,3,371
9,2018-19,201842,1,378
9,2018-19,201843,3,424
9,2018-19,201844,3,403
9,2018-19,201845,3,399
9,2018-19,201846,3,423
9,2018-19,201847,8,449
9,2018-19,201848,3,465
9,2018-19,201849,9,474
9,2018-19,201850,9,507
9,2018-19,201851,16,492
9,2018-19,201852,25,463
9,2018-19,201901,20,571
9,2018-19,201902,47,516
9,2018-19,201903,35,488
10,2013-14,201403,19,167
10,2013-14,201404,21,156
10,2013-14,201405,8,171
10,2013-14,201406,7,155
10,2013-14,201407,9,156
10,2013-14,201408,9,161
10,2013-14,201409,7,136
10,2013-14,201410,2,139
10,2013-14,201411,1,133
10,2013-14,201412,4,138
10,2013-14,201413,1,127
10,2013-14,201414,1,127
10,2013-14,201415,4,131
10,2013-14,201416,3,112
10,2013-14,201417,0,135
10,2013-14,201418,5,128
10,2013-14,201419,0,117
10,2013-14,201420,1,116
10,2013-14,201421,1,117
10,2013-14,201422,0,110
10,2013-14,201423,1,117
10,2013-14,201424,1,123
10,2013-14,201425,3,109
10,2013-14,201426,1,111
10,2013-14,201427,0,126
10,2013-14,201428,0,94
10,2013-14,201429,2,92
10,2013-14,201430,0,101
10,2013-14,201431,1,113
10,2013-14,201432,0,81
10,2013-14,201433,1,95
10,2013-14,201434,0,103
10,2013-14,201435,2,106
10,2013-14,201436,0,83
10,2013-14,201437,0,95
10,2013-14,201438,0,105
10,2013-14,201439,0,98
10,2014-15,201440,1,97
10,2014-15,201441,1,113
10,2014-15,201442,1,123
10,2014-15,201443,2,113
10,2014-15,201444,1,119
10,2014-15,201445,0,110
10,2014-15,201446,2,126
10,2014-15,201447,0,150
10,2014-15,201448,1,139
10,2014-15,201449,1,136
10,2014-15,201450,4,129
10,2014-15,201451,10,139
10,2014-15,201452,9,148
10,2014-15,201453,19,166
10,2014-15,201501,39,186
10,2014-15,201502,57,214
10,2014-15,201503,39,174
10,2014-15,201504,36,185
10,2014-15,201505,34,170
10,2014-15,201506,24,175
10,2014-15,201507,16,151
10,2014-15,201508,3,150
10,2014-15,201509,5,150
10,2014-15,201510,2,169
10,2014-15,201511,6,159
10,2014-15,201512,6,164
10,2014-15,201513,3,107
10,2014-15,201514,2,137
10,2014-15,201515,1,138
10,2014-15,201516,4,142
10,2014-15,201517,1,122
10,2014-15,201518,1,139
10,2014-15,201519,2,142
10,2014-15,201520,2,130
10,2014-15,201521,2,107
10,2014-15,201522,1,132
10,2014-15,201523,0,115
10,2014-15,201524,1,103
10,2014-15,201525,0,118
10,2014-15,201526,0,111
10,2014-15,201527,1,105
10,2014-15,201528,0,106
10,2014-15,201529,0,109
10,2014-15,201530,0,95
10,2014-15,201531,1,88
10,2014-15,201532,0,83
10,2014-15,201533,1,111
10,2014-15,201534,0,104
10,2014-15,201535,0,97
10,2014-15,201536,0,102
10,2014-15,201537,1,115
10,2014-15,201538,3,100
10,2014-15,201539,0,121
10,2015-16,201540,1,110
10,2015-16,201541,1,117
10,2015-16,201542,0,127
10,2015-16,201543,1,121
10,2015-16,201544,1,128
10,2015-16,201545,0,132
10,2015-16,201546,1,112
10,2015-16,201547,1,117
10,2015-16,201548,0,157
10,2015-16,201549,1,124
10,2015-16,201550,1,121
10,2015-16,201551,0,150
10,2015-16,201552,0,140
10,2015-16,201601,5,144
10,2015-16,201602,4,138
10,2015-16,201603,5,133
10,2015-16,201604,5,129
10,2015-16,201605,2,114
10,2015-16,201606,7,124
10,2015-16,201607,5,125
10,2015-16,201608,16,155
10,2015-16,201609,15,135
10,2015-16,201610,10,157
10,2015-16,201611,19,130
10,2015-16,201612,15,148
10,2015-16,201613,18,152
10,2015-16,201614,17,148
10,2015-16,201615,16,153
10,2015-16,201616,9,149
10,2015-16,201617,9,135
10,2015-16,201618,4,130
10,2015-16,201619,3,103
10,2015-16,201620,0,112
10,2015-16,201621,0,115
10,2015-16,201622,0,116
10,2015-16,201623,0,124
10,2015-16,201624,1,101
10,2015-16,201625,2,112
10,2015-16,201626,0,89
10,2015-16,201627,2,108
10,2015-16,201628,3,92
10,2015-16,201629,0,87
10,2015-16,201630,0,103
10,2015-16,201631,0,99
10,2015-16,201632,0,106
10,2015-16,201633,0,105
10,2015-16,201634,2,89
10,2015-16,201635,0,94
10,2015-16,201636,0,95
10,2015-16,201637,0,107
10,2015-16,201638,0,93
10,2015-16,201639,0,91
10,2016-17,201640,0,106
10,2016-17,201641,1,106
10,2016-17,201642,1,104
10,2016-17,201643,2,112
10,2016-17,201644,1,104
10,2016-17,201645,1,112
10,2016-17,201646,0,113
10,2016-17,201647,4,111
10,2016-17,201648,4,131
10,2016-17,201649,5,128
10,2016-17,201650,5,154
10,2016-17,201651,20,135
10,2016-17,201652,40,181
10,2016-17,201701,81,167
10,2016-17,201702,87,173
10,2016-17,201703,96,203
10,2016-17,201704,76,197
10,2016-17,201705,59,219
10,2016-17,201706,56,160
10,2016-17,201707,39,187
10,2016-17,201708,38,139
10,2016-17,201709,18,148
10,2016-17,201710,25,140
10,2016-17,201711,6,129
10,2016-17,201712,12,142
10,2016-17,201713,4,113
10,2016-17,201714,2,107
10,2016-17,201715,6,138
10,2016-17,201716,5,127
10,2016-17,201717,3,131
10,2016-17,201718,1,127
10,2016-17,201719,1,126
10,2016-17,201720,3,121
10,2016-17,201721,3,124
10,2016-17,201722,1,116
10,2016-17,201723,0,116
10,2016-17,201724,2,100
10,2016-17,201725,1,104
10,2016-17,201726,1,96
10,2016-17,201727,1,82
10,2016-17,201728,0,117
10,2016-17,201729,0,88
10,2016-17,201730,0,112
10,2016-17,201731,0,87
10,2016-17,201732,0,83
10,2016-17,201733,1,86
10,2016-17,201734,0,94
10,2016-17,201735,0,75
10,2016-17,201736,0,81
10,2016-17,201737,2,81
10,2016-17,201738,0,100
10,2016-17,201739,2,106
10,2017-18,201740,1,92
10,2017-18,201741,0,125
10,2017-18,201742,3,94
10,2017-18,201743,0,104
10,2017-18,201744,3,118
10,2017-18,201745,3,102
10,2017-18,201746,1,118
10,2017-18,201747,3,95
10,2017-18,201748,3,118
10,2017-18,201749,12,110
10,2017-18,201750,8,119
10,2017-18,201751,25,134
10,2017-18,201752,37,152
10,2017-18,201801,67,158
10,2017-18,201802,91,153
10,2017-18,201803,78,181
10,2017-18,201804,48,167
10,2017-18,201805,52,148
10,2017-18,201806,49,148
10,2017-18,201807,38,133
10,2017-18,201808,32,129
10,2017-18,201809,37,131
10,2017-18,201810,32,142
10,2017-18,201811,27,129
10,2017-18,201812,34,121
10,2017-18,201813,30,120
10,2017-18,201814,26,147
10,2017-18,201815,18,140
10,2017-18,201816,9,113
10,2017-18,201817,7,110
10,2017-18,201818,8,108
10,2017-18,201819,4,102
10,2017-18,201820,3,126
10,2017-18,201821,3,96
10,2017-18,201822,3,87
10,2017-18,201823,4,101
10,2017-18,201824,1,107
10,2017-18,201825,1,88
10,2017-18,201826,2,85
10,2017-18,201827,0,86
10,2017-18,201828,1,88
10,2017-18,201829,1,72
10,2017-18,201830,0,77
10,2017-18,201831,0,71
10,2017-18,201832,0,70
10,2017-18,201833,0,74
10,2017-18,201834,0,76
10,2017-18,201835,1,80
10,2017-18,201836,0,83
10,2017-18,201837,0,74
10,2017-18,201838,1,85
10,2017-18,201839,1,81
10,2018-19,201840,1,82
10,2018-19,201841,2,109
10,2018-19,201842,3,95
10,2018-19,201843,2,111
10,2018-19,201844,2,105
10,2018-19,201845,1,109
10,2018-19,201846,3,112
10,2018-19,201847,1,97
10,2018-19,201848,1,97
10,2018-19,201849,1,116
10,2018-19,201850,0,116
10,2018-19,201851,4,105
10,2018-19,201852,5,124
10,2018-19,201901,7,115
10,2018-19,201902,11,116
10,2018-19,201903,9,88
